title,url,country,tag
Un pote,https://www.youtube.com/watch?v=6K1OVKUt7WI,ar,2
Nuevos Descubrimientos Cientificos que debes saber sobre los gatos,https://www.youtube.com/watch?v=EqQw-MHnHVc,ar,2
Cant una cancin de Nino Bravo y Carmen Barbieri le puso un 10!,https://www.youtube.com/watch?v=W17NfUzm2rQ,ar,2
Majestuoso Vol. 5 | Antonio Ros - Los Dinos - Grupo Green - La Crucet,https://www.youtube.com/watch?v=xseYlZzFanI,ar,2
Perdiendo el control - 100 Das Para Enamorarse,https://www.youtube.com/watch?v=QHwhdS6GBVo,ar,2
Loros a Bailar |  Puppy Dog Pals,https://www.youtube.com/watch?v=Z2VVGrKA51c,ar,2
Qu es Diferente? | #02 Pollitos Po de Colores | A Jugar,https://www.youtube.com/watch?v=6wUmExmiudA,ar,2
Qu Pas en O11CE!? | La Semana en 60 Segundos #9,https://www.youtube.com/watch?v=PDz9rv1Uys4,ar,2
Somos tan viejos? - Los Simpson HD,https://www.youtube.com/watch?v=6sEuAFeLwr4,ar,2
NOOB VS PRO: BASE SECRETA BAJO LA LAVA EN MINECRAFT,https://www.youtube.com/watch?v=oVrAejEGW2E,ar,2
4 Ice Cream Surprise Cups Spongebon Toy Story Hello Kitty Princess Surprise Toys Baby Secrets,https://www.youtube.com/watch?v=NGIUogtvFHI,au,1
SPIDERMAN  Stop Motion Action Video Part 19,https://www.youtube.com/watch?v=pn2-IQHri_k,au,1
Sleep Music || Super Low Frequency Healing Music || 9 Hours,https://www.youtube.com/watch?v=SjOXz5LUy9M,au,1
FIREMAN SAM Transforming Jupiter Fire Engine And Fire Station CKN Toys,https://www.youtube.com/watch?v=19AwHe24fG8,au,1
Attack on Titan - The calm before the storm,https://www.youtube.com/watch?v=MVbfAbl_n3E,au,1
Wheels On the Bus | Featuring Tayo and Titipo | Nursery Rhymes Compilation,https://www.youtube.com/watch?v=i82Fool23u4,au,1
Australian Trusted Trader - an overview,https://www.youtube.com/watch?v=NylQvE0qoVE,au,1
SUMMERFEST - Part 38 - Rags to Riches (Sims 4 Seasons),https://www.youtube.com/watch?v=iLsJHR7scuw,au,1
Iggy Azalea - Kream ft. Tyga,https://www.youtube.com/watch?v=t7lM7Bn16Zg,au,1
Малышарики - новые серии - Коробочка (129 серия) Мультики для самых маленьких,https://www.youtube.com/watch?v=PxOF_FUPdXI,au,1
A Canoa Virou  - Clipe Msica Oficial - Galinha Pintadinha DVD 2,https://www.youtube.com/watch?v=3cDsvBPn-mQ,br,6
Maiara e Maraisa - No abro mo - Guias - IG: maiaraemaraisa,https://www.youtube.com/watch?v=T5Z4IjRu9QM,br,6
Jorge & Mateus - Amor Turista [Terra Sem CEP] (Video Oficial),https://www.youtube.com/watch?v=zRTX0JuDaYY,br,6
ACHEI UMA TRILHA DE PEGADAS at ANIMAIS INCR?VEIS! ★ Vlog no Zoolgico de Toronto - Canad | Parte 1,https://www.youtube.com/watch?v=ayk6Dk0aS7w,br,6
VIAGEM EM FAMILIA PARA A ESPANHA!! Avio no Aeroporto de Guarulhos/Madrid - Fam?lia Brancoala,https://www.youtube.com/watch?v=v7BUoP9uaBE,br,6
NO CAIA NA PISCINA DE BUDDY MALVADO NO MINECRAFT ! (Kick The Buddy),https://www.youtube.com/watch?v=YCp93cbhlao,br,6
Um dia de brincadeiras na casa da Alice,https://www.youtube.com/watch?v=CdHm5DOfWa8,br,6
DE BIQUINI,https://www.youtube.com/watch?v=vB2IsJzk7Lw,br,6
POR QUE MEU DEUS,https://www.youtube.com/watch?v=dzRf0LinDmY,br,6
Gustavo Mioto - Impressionando os Anjos,https://www.youtube.com/watch?v=TK_j5NhE7Jg,br,6
How to enjoy TACO BELL *MUKBANG,https://www.youtube.com/watch?v=Tl42k6su23E,ca,1
The Weeknd - Call Out My Name (Official Video),https://www.youtube.com/watch?v=M4ZoCHID9GI,ca,1
Learn Sea Animals Names Ocean Creature Beach Toys For Kids,https://www.youtube.com/watch?v=y_MBhiO0pNc,ca,1
Horrid Henry’s Hike But Every Time Horrid Henry Does Something Naughty The Effect Changes,https://www.youtube.com/watch?v=tH33i9IL2Tw,ca,1
SUPER SOLIDER CRYSIS SUIT  - GTA 5 Mods,https://www.youtube.com/watch?v=Es-wGcE5_h8,ca,1
Gummy Food VS Real Food Challenge!!!,https://www.youtube.com/watch?v=uVG_Mr4I11c,ca,1
FROZEN PAINT MIXING: SEA HORSEY,https://www.youtube.com/watch?v=pttCQ9WNedY,ca,1
I Went Crazy in DINER BROS!,https://www.youtube.com/watch?v=DOPPcwTnoGI,ca,1
When The Band Comes Marching In | Kids Songs | Super Simple Songs,https://www.youtube.com/watch?v=1h6F-YngTi0,ca,1
"EscapeTracks Radio Episode #12 | ""Falling""",https://www.youtube.com/watch?v=l04vKBt556A,ca,1
光之后2天后之征 第9集 高(琳恩，王思佳，林利翁家明主演）,https://www.youtube.com/watch?v=r9-_V6jHi2A,cn,0
色Gombal糖果?童手指家庭的|Johnny Johnny Da Daddy歌童歌曲 P.33,https://www.youtube.com/watch?v=tv8AV1C5ZWk,cn,0
36 8的部火，原把芝士放火里面煮着吃爽,https://www.youtube.com/watch?v=HDK-JyUpG7s,cn,0
提莫：我多想再 眼就,https://www.youtube.com/watch?v=C5ZEpGALK1Q,cn,0
關曉【安潔西公主 Gabrille】HD 高官方完整版 MV,https://www.youtube.com/watch?v=fm3MKKcLKf4,cn,0
兄妹的致命游，欺?女孩玩弄感情！,https://www.youtube.com/watch?v=xWRcqsYNyKo,cn,0
親情vs友情，別讓在意?的人寒心,https://www.youtube.com/watch?v=uE9xQyHD9Og,cn,0
MV【Love TV 】-《Warm Love》MV1 吻 Kiss 床 поцелу キス Baiser,https://www.youtube.com/watch?v=4M2Ft1DWRuc,cn,0
《原如此》家?的患 20180829 | CCTV科,https://www.youtube.com/watch?v=capM3tiVmAw,cn,0
【生】如懿演化史~周迅董建一如?往偶像?的?！,https://www.youtube.com/watch?v=YNZorgQYtL4,cn,0
Aran One - Pecar Contigo (VIDEO OFICIAL),https://www.youtube.com/watch?v=FDL02UEUc3E,co,2
Adivina la Cancin ! Quin sabe ms ft. Jessica Bohorquez | La Mafe Mendez,https://www.youtube.com/watch?v=0t50f45RkQQ,co,2
"MLP:EG ""Montando Las Olas"" [Espa?ol Latino] - HD",https://www.youtube.com/watch?v=e3nc49VsJK8,co,2
Reykon & The Rudeboyz - Macarena (Official Video),https://www.youtube.com/watch?v=-S5N9gdfxuQ,co,2
Carlos y Elena Vives cantan Monsieur Bigot? | La Voz Kids Colombia 2018,https://www.youtube.com/watch?v=2E0X6mcWbYk,co,2
J Balvin - Redefining Mainstream (Live Q&A From YT Space NY),https://www.youtube.com/watch?v=Lpm0jlWmfmc,co,2
Confesin - Pipe Bueno,https://www.youtube.com/watch?v=9B1KOdBGjEs,co,2
No S - Shaira ( Video Oficial ),https://www.youtube.com/watch?v=cDyAb8mGyHs,co,2
En Cap Cana solo quedarn nueve - Desafo Sper Humanos XV Aos,https://www.youtube.com/watch?v=CzXP6QiwHDk,co,2
Sergio Ramos ataca a Cristiano Ronaldo por los penales,https://www.youtube.com/watch?v=nd2pwSHsUCY,co,2
EL ATRACO PERFECTO?  *WILLY Y VEGETTA* VS *FARGAN Y ANGEL*,https://www.youtube.com/watch?v=VX78yHbGnL0,es,2
다른 차원의 집으로 가져올 발명품 ▶2,https://www.youtube.com/watch?v=k7jjKW9QyWI,es,2
¡¡ LUCKY BLOCKS CON CASTIGO AL FINAL !!,https://www.youtube.com/watch?v=cwXv_XG3hGo,es,2
SLIME a ESCONDIDAS de mi ABUELA!! Hago SLIME en SECRETO y SALE MAL!!  El MUNDO de CLODETT,https://www.youtube.com/watch?v=CRw8liTNQwk,es,2
CSI: LADRONAZI,https://www.youtube.com/watch?v=zDOUGtf_GKg,es,2
La Patrulla de Cachorros se preparan para la escuela. Vuelta al col.,https://www.youtube.com/watch?v=KU6mWJMRTV4,es,2
MAGOS LUZANA! Era of Celestials - Luzu y Lana,https://www.youtube.com/watch?v=GKyvUTBfPyA,es,2
Hallan La Mejor Prueba De La Existencia De Lo Paranormal?,https://www.youtube.com/watch?v=U8ZOQHey2Fg,es,2
SCUM - TREMENDO JUEGO DE SUPERVIVENCIA ZOMBIE - Nexxuz,https://www.youtube.com/watch?v=kW0QOz8GANQ,es,2
#OTcastingFinal2018 (Parte I),https://www.youtube.com/watch?v=idxyy8mj94A,es,2
Instagram blue tick verification mark now open for everyone,https://www.youtube.com/watch?v=LkWCsndlD3o,in,3
Andhra Pradesh | 29th August 2018 | 360 | 1 PM | News Headlines,https://www.youtube.com/watch?v=ALDpjbXjNkc,in,3
Chhota Bheem and Krishna - Zimbara Promo,https://www.youtube.com/watch?v=KukjTBxslG8,in,3
Mathura Me Lihale Janamawa - Bajela Badhaiya - Kumar Arjun - Bhojpuri Hit Songs 2018 New,https://www.youtube.com/watch?v=zSSVWKiMUn0,in,3
Johny Johny Yes Papa Nursery Rhymes Collection - 3D Rhymes & Songs for Children,https://www.youtube.com/watch?v=Z68hf7dfhe8,in,3
Mujhe Kucch Kehna Hai (2001) Full Hindi Movie | Tusshar Kapoor,https://www.youtube.com/watch?v=y_MyqwkSiHA,in,3
Learn Colors Jet Ski with Animals Driving Outdoor Playground Swimming Pool,https://www.youtube.com/watch?v=nqbIvJuoHoo,in,3
DIL BADTAMEEZ HO GAYIL | KHESARI LAL YADAV | HD VIDEO | HIT SONG 2018,https://www.youtube.com/watch?v=9y8YvFiEGMo,in,3
大阪に突如現れた謎の動物達www,https://www.youtube.com/watch?v=f8vhOqSRRQc,jp,5
Spider-Man Block Building Monster Truck  -  Lego Stop Motion  Vehicles Assembly Video for Kids,https://www.youtube.com/watch?v=kc33RzYL_Hc,jp,5
【海賊】お前なんでそれ買ったんだよ!【日常組】,https://www.youtube.com/watch?v=AT8fpEIVt60,jp,5
トランポリンでおおはしゃぎ！Jumpz@Harbor Pattaya Thailand,https://www.youtube.com/watch?v=ZSS4S_P2W1I,jp,5
【巨大】大量のコ?ラとゼリ?で5kgのコ?ラグミ作ってみた！~ASMR風に食べてみた！~,https://www.youtube.com/watch?v=wcVaZ3V3Nfg,jp,5
【緊急トラブル】 ラ?メン食いに行ったら１０万円失った。,https://www.youtube.com/watch?v=C-Eh4E8XnYQ,jp,5
かお [まめきゅんのしかけえほん＃05] 【MAMEKYUNN】,https://www.youtube.com/watch?v=xBvN4FY30yY,jp,5
【4人?況】大?明マス！？100億円賭けて一か八かの大勝負！『桃太?電?USA』#12,https://www.youtube.com/watch?v=TkFmlATg9Ss,jp,5
【浴衣】夏祭りをカップルが浴衣デ?トで大?喫！【ふくれな】【M君】,https://www.youtube.com/watch?v=GIrKAdnpVmU,jp,5
●普段遊び●ま?ちゃんお?ちゃん透明人間になった！？かくれんぼINシンガポ?ル☆ま?ちゃん【7?】お?ちゃん【4?】#656,https://www.youtube.com/watch?v=CD2qgCQQdU4,jp,5
한국기행 - Korea travel_여름 암자기행 2부 스님과 함께 인과 연_#001,https://www.youtube.com/watch?v=5dNsCleOvNc,kr,4
V.I (from BIGBANG) - WHERE R U FROM feat. MINO (from WINNER) M/V (JP Ver.),https://www.youtube.com/watch?v=pcnwkQvIBpc,kr,4
노래 똑같이 불러서 멜론을 속여보았다 ㅋㅋㅋㅋㅋ,https://www.youtube.com/watch?v=GDCe-wmbt8s,kr,4
이혼을 한다구요？,https://www.youtube.com/watch?v=oDOVAI3t6RQ,kr,4
[N'-55] NCT in SMTOWN OSAKA #5 - BEHIND THE STAGE,https://www.youtube.com/watch?v=YGvUeSsc3So,kr,4
Learning Color Disney Cars Lightning McQueen Mack Truck jelly and ice cube Play for kids toys,https://www.youtube.com/watch?v=LyrsNO4tRpc,kr,4
ABBA - Dancing Queen ( J.Fla 커버 ),https://www.youtube.com/watch?v=gVymCvrijbo,kr,4
"Stray Kids(스트레이 키즈) ""갑자기 분위기 싸해질 필요 없잖아요"" M/V",https://www.youtube.com/watch?v=y289In1OdZI,kr,4
또봇V 6화 콩두의 등장! [TOBOT V ANIMATION],https://www.youtube.com/watch?v=kQ8be1SWmtw,kr,4
반장선거에 나가는 에이미! 과연 결과는?!?!ㅋㅋㅋㅋㅋㅋㅋㅋ(흔한남매),https://www.youtube.com/watch?v=z-6fBqFaJiQ,kr,4
Invitation | Teej Dhamaka 2018 sep 7 | Fukoka Japan | Prakash saput |,https://www.youtube.com/watch?v=fGXALxO9ths,np,3
Top 9 Anime Where Bad Boy Falls In Love With A Girl 60FPS [HD],https://www.youtube.com/watch?v=tutl7RsUHfY,np,3
Maithili Comedy / New / Dehati Video /,https://www.youtube.com/watch?v=zp04lDjtqok,np,3
INTU MINTU LONDON MA OFFICIAL TRAILER  | DHIRAJ MAGAR | SAMRAGYEE RL SHAH,https://www.youtube.com/watch?v=dCt6o8MyWzk,np,3
BIMSTEC,https://www.youtube.com/watch?v=ZHjppMkBmBc,np,3
(Sedrina & Anubhav ),https://www.youtube.com/watch?v=ai4YZ7aQc98,np,3
Dherai Mathi | Popular Nepali Nursery Rhymes 2018,https://www.youtube.com/watch?v=YkhX6oKaKxo,np,3
Sonic Unleashed | Cool Edge | Episode 7 | ZigZag Kids HD,https://www.youtube.com/watch?v=bmNSvWa2pSA,pt,6
O MEU RABO  FALSO SEA3P0,https://www.youtube.com/watch?v=H3GfuWK7CMU,pt,6
NOS Apresenta - Uma noite de vero com o Samsung Galaxy J6,https://www.youtube.com/watch?v=a9hb5MDFrGI,pt,6
Nightstep - Say It,https://www.youtube.com/watch?v=2FCR5cSJH-w,pt,6
DJ-MANKEY MiX ★ C-Block - So Strung Out Remix Deep House ?,https://www.youtube.com/watch?v=PI5XEoajoUM,pt,6
Benfica vence Arsenal por 2-1  Eusbio Cup 7,https://www.youtube.com/watch?v=lzsFmdkYa9g,pt,6
Paulo Martinho - Tyre Fire | 2018 | BOTICAS,https://www.youtube.com/watch?v=nF5z2TZCHkI,pt,6
"Yasmine ""Veron Leba - Piano Version"" (LYRIC VIDEO) [2018] By ?-Karga Music Ent.",https://www.youtube.com/watch?v=g9IPihE9124,pt,6
BIZCOCHO DE COCO CON GLASEADO DE COCO,https://www.youtube.com/watch?v=dB6q4okI848,pt,6
Hoje Acordei Insegura | Faltam 6 dias,https://www.youtube.com/watch?v=xxTCiUN8ERk,pt,6
The Now Now Tour presents: LAST DAY OF THE WORLD TOUR ????,https://www.youtube.com/watch?v=skVhMbKOpPk,uk,1
Toddler had fun at Grocery shopping at supermarket Ishfi with Daddy & Mummy,https://www.youtube.com/watch?v=j7LZHfSXAuY,uk,1
Arctic Monkeys - Tranquility Base Hotel & Casino (Official Video),https://www.youtube.com/watch?v=mXuUAtAtMtM,uk,1
Rudimental & Major Lazer - Let Me Live (feat. Anne-Marie & Mr Eazi) [Two Can Remix],https://www.youtube.com/watch?v=xsJLachhs-o,uk,1
Best of Kumar Sanu and Alka Yagnik | Romantic Songs Jukebox,https://www.youtube.com/watch?v=BmuMCvfbIHU,uk,1
Alex Skrindo & Miza - Thinkin' [NCS Release],https://www.youtube.com/watch?v=CkC5igeV_tM,uk,1
9 Months Together,https://www.youtube.com/watch?v=PUfNPY-jo6Q,uk,1
Best Onboards | 2018 Belgian Grand Prix,https://www.youtube.com/watch?v=OszFizr0zUY,uk,1
Birds Hunt Mayflies for their Chicks | BBC Earth,https://www.youtube.com/watch?v=3t4Gn9NTixo,uk,1
Detective Pikachu - Strange Things (27),https://www.youtube.com/watch?v=8U1pBTuRqSg,uk,1
"Luh Soldier ""28 Bars"" (WSHH Exclusive - Official Music Video)",https://www.youtube.com/watch?v=9ID45BNW9cQ,us,1
Dove Cameron - Born Ready (From “Marvel Rising”),https://www.youtube.com/watch?v=GX3OEfjbw4Y,us,1
Join Pacman in the city as he eats ice cream,https://www.youtube.com/watch?v=tdVyt8FI9RU,us,1
Learn Colors with Sticky Tape Children Songs by Rua and Daddy,https://www.youtube.com/watch?v=A49NPuBpyAI,us,1
Banda Brava - Popurri Beatles(Deber?a Conocerla Mejor/La Noche de un D?a Dif?cil/Ella te Ama),https://www.youtube.com/watch?v=P-CtyHO93mI,us,1
Plants vs Zombies Garden Warfare In Real Life Pretend Play with Ryan ToysReview,https://www.youtube.com/watch?v=tH_sVjGTS6c,us,1
Rainbow Chicks EP 31: Kiwi's Wish - Cartoons for Children | LooLoo Kids,https://www.youtube.com/watch?v=ULQKLoPzHpI,us,1
8 DIY Giant vs Miniature Edible School Supplies / Funny School Pranks!,https://www.youtube.com/watch?v=8Z54YadZR-w,us,1
MONSTER BURRITO | Cooking with Marshmello,https://www.youtube.com/watch?v=3nUMHUsNW_A,us,1
Drake - Nonstop,https://www.youtube.com/watch?v=lJTRVX9R5EA,us,1